<?xml version="1.0" encoding="UTF-8"?>
<databaseChangeLog
        xmlns="http://www.liquibase.org/xml/ns/dbchangelog"
        xmlns:xsi="http://www.w3.org/2001/XMLSchema-instance"
        xmlns:ext="http://www.liquibase.org/xml/ns/dbchangelog-ext"
        xmlns:pro="http://www.liquibase.org/xml/ns/pro"
        xsi:schemaLocation="http://www.liquibase.org/xml/ns/dbchangelog
        http://www.liquibase.org/xml/ns/dbchangelog/dbchangelog-latest.xsd
        http://www.liquibase.org/xml/ns/dbchangelog-ext http://www.liquibase.org/xml/ns/dbchangelog/dbchangelog-ext.xsd
        http://www.liquibase.org/xml/ns/pro http://www.liquibase.org/xml/ns/pro/liquibase-pro-latest.xsd">

    <changeSet  id="1"  author="aakash">
        <createTable  tableName="school">
            <column  name="id"  type="int">
                <constraints  primaryKey="true"  nullable="false"/>
            </column>
            <column  name="name"  type="varchar(50)">
                <constraints  nullable="false"/>
            </column>
            <column  name="active"  type="boolean"  defaultValueBoolean="true"/>
        </createTable>
    </changeSet>

    <changeSet id="2" author="aakash">
        <insert tableName="student">
            <column name="id" value="2" />
            <column name="name" value="Gopinath"/>
        </insert>
    </changeSet>

</databaseChangeLog>